<?xml version="1.0" encoding="UTF-8"?>
<project-private xmlns="http://www.netbeans.org/ns/project-private/1">
    <editor-bookmarks xmlns="http://www.netbeans.org/ns/editor-bookmarks/2" lastBookmarkId="0"/>
    <open-files xmlns="http://www.netbeans.org/ns/projectui-open-files/2">
        <group>
            <file>file:/Users/romuald/NetBeansProjects/Smart_Climate/src/smart_climate/FXMLDocument.fxml</file>
            <file>file:/Users/romuald/NetBeansProjects/Smart_Climate/src/smart_climate/Smart_Climate.java</file>
            <file>file:/Users/romuald/NetBeansProjects/Smart_Climate/src/smart_climate/FXMLDocumentController.java</file>
        </group>
    </open-files>
</project-private>
